metric,n_paired_seeds,mean_RandomForest,std_RandomForest,mean_LogisticRegression,std_LogisticRegression,mean_diff_A_minus_B,std_diff,wilcoxon_stat,wilcoxon_p,ttest_stat,ttest_p,significant_0.05
precision_bug,30,0.8149740814269172,0.012982886506584154,0.6922355721888374,0.009141366493576029,0.12273850923807952,0.010074026560514678,0.0,1.862645149230957e-09,65.61101427106924,4.3503717884365505e-33,True
recall_bug,30,0.8752,0.01254373091170187,0.699688888888889,0.016577301154899932,0.17551111111111106,0.0186872373428009,0.0,1.862645149230957e-09,50.577634429240135,7.731672298895653e-30,True
f1_bug,30,0.8439147672868711,0.009006972943415514,0.6958482774431242,0.010580798730032537,0.14806648984374693,0.011721797284314784,0.0,1.862645149230957e-09,68.02390716050466,1.5364163517942179e-33,True
precision_clean,30,0.8653428578594209,0.011424431215259238,0.6965612791835323,0.011440367445053015,0.16878157867588872,0.014389450106642696,0.0,1.862645149230957e-09,63.165486578143124,1.299327618955093e-32,True
recall_clean,30,0.8010222222222222,0.01743112017677819,0.6888444444444445,0.013016153307086548,0.11217777777777777,0.012792281623533866,0.0,1.862645149230957e-09,47.22346167864951,5.526534307289724e-29,True
f1_clean,30,0.8318113043824866,0.010989237288696874,0.6925841633853832,0.009083951657209178,0.13922714099710348,0.009260761076662067,0.0,1.862645149230957e-09,80.96106720483472,1.0112426408025194e-35,True
