{
  "logreg": {
    "accuracy": 0.44488977955911824,
    "f1_macro": 0.32801642882988286,
    "classification_report": {
      "Não": {
        "precision": 0.1111111111111111,
        "recall": 1.0,
        "f1-score": 0.2,
        "support": 1.0
      },
      "Provavelmente não": {
        "precision": 0.045454545454545456,
        "recall": 0.5384615384615384,
        "f1-score": 0.08383233532934131,
        "support": 13.0
      },
      "Provavelmente sim": {
        "precision": 0.5625,
        "recall": 0.3521739130434783,
        "f1-score": 0.43315508021390375,
        "support": 230.0
      },
      "Sim": {
        "precision": 0.6927083333333334,
        "recall": 0.5215686274509804,
        "f1-score": 0.5950782997762863,
        "support": 255.0
      },
      "accuracy": 0.44488977955911824,
      "macro avg": {
        "precision": 0.3529434974747475,
        "recall": 0.6030510197389992,
        "f1-score": 0.32801642882988286,
        "support": 499.0
      },
      "weighted avg": {
        "precision": 0.6146646196433271,
        "recall": 0.44488977955911824,
        "f1-score": 0.506333577658181,
        "support": 499.0
      }
    }
  },
  "linear_svm": {
    "accuracy": 0.46693386773547096,
    "f1_macro": 0.1642161573451214,
    "classification_report": {
      "Não": {
        "precision": 0.0,
        "recall": 0.0,
        "f1-score": 0.0,
        "support": 1.0
      },
      "Provavelmente não": {
        "precision": 0.0,
        "recall": 0.0,
        "f1-score": 0.0,
        "support": 13.0
      },
      "Provavelmente sim": {
        "precision": 0.4637096774193548,
        "recall": 1.0,
        "f1-score": 0.6336088154269972,
        "support": 230.0
      },
      "Sim": {
        "precision": 1.0,
        "recall": 0.011764705882352941,
        "f1-score": 0.023255813953488372,
        "support": 255.0
      },
      "accuracy": 0.46693386773547096,
      "macro avg": {
        "precision": 0.3659274193548387,
        "recall": 0.2529411764705882,
        "f1-score": 0.1642161573451214,
        "support": 499.0
      },
      "weighted avg": {
        "precision": 0.7247559635399832,
        "recall": 0.46693386773547096,
        "f1-score": 0.30392837696663105,
        "support": 499.0
      }
    }
  },
  "xgboost": {
    "skipped": true,
    "reason": "xgboost is not installed in this environment"
  }
}