claude_ans,total_teste,qtd_erros,qtd_acertos,taxa_erro,acuracia,recall_classe
Provavelmente_sim,230,27,203,0.11739130434782609,0.8826086956521739,0.8826086956521739
Sim,255,24,231,0.09411764705882353,0.9058823529411765,0.9058823529411765
Provavelmente_não,13,10,3,0.7692307692307693,0.23076923076923078,0.23076923076923078
Não,1,1,0,1.0,0.0,0.0
